Unnamed: 0,seq,labels,pdb,ab_chains,chain,resi_start,resi_end,preds
0,FCARHDDYYGKSPYFFDVWGA,1,/vols/opig/users/spoendli/data/SAbDab_structures/2ai0.pdb,IM,I,103,120,0.051598087
1,YCARGDYYGSRGAYWGQ,1,/vols/opig/users/spoendli/data/SAbDab_structures/2gfb.pdb,LK,L,103,120,0.43726942
2,NYYGSS,0,/vols/opig/users/spoendli/data/scFvs/5vf2.pdb,Aa,A,108,114,0.1300185
3,LTFD,0,/vols/opig/users/spoendli/data/SAbDab_structures/5mub.pdb,IJ,I,107,116,0.0040162248
4,YYGST,0,/vols/opig/users/spoendli/data/SAbDab_structures/6ugs.pdb,HL,H,108,114,0.092582
5,YCARSEYYSVTGYAMDYWGQ,0,/vols/opig/users/spoendli/data/SAbDab_structures/1ezv.pdb,XY,X,103,120,0.11109873
6,YYY,0,/vols/opig/users/spoendli/data/SAbDab_structures/1qle.pdb,HL,H,109,113,0.003920423
7,GNYDRAWFA,1,/vols/opig/users/spoendli/data/SAbDab_structures/4i2x.pdb,DC,D,107,116,0.110466465
8,RYDYYGNTGDY,0,/vols/opig/users/spoendli/data/SAbDab_structures/2aju.pdb,HL,H,106,117,0.022019768
9,RDHDGYYERFAY,1,/vols/opig/users/spoendli/data/SAbDab_structures/7t0i.pdb,DC,D,106,117,0.23876098
10,RDHDGYYERFAY,1,/vols/opig/users/spoendli/data/SAbDab_structures/3oke.pdb,BA,B,106,117,0.099664964
11,RDHDGYYERFSY,1,/vols/opig/users/spoendli/data/SAbDab_structures/7t0j.pdb,HL,H,106,117,0.13888948
12,RDHDGYYERFSY,1,/vols/opig/users/spoendli/data/SAbDab_structures/3t4y.pdb,BA,B,106,117,0.0962156
13,ETGTAWFA,0,/vols/opig/users/spoendli/data/SAbDab_structures/3wxw.pdb,HL,H,107,116,0.067378566
14,ETGTAWFA,0,/vols/opig/users/spoendli/data/SAbDab_structures/6yxd.pdb,HL,H,107,116,0.06545194
15,RHAGVHY,1,/vols/opig/users/spoendli/data/SAbDab_structures/6i3z.pdb,HL,H,106,117,0.037651468
16,RMRITTDWFAY,1,/vols/opig/users/spoendli/data/SAbDab_structures/4ma1.pdb,BC,B,106,117,0.019922541
17,LTYYDYE,0,/vols/opig/users/spoendli/data/SAbDab_structures/5t1l.pdb,BA,B,108,114,0.00419421
18,DFGPDWEDGDSYDGSGRGFFD,1,/vols/opig/users/spoendli/data/SAbDab_structures/1rhh.pdb,BA,B,107,116,0.13332993
19,SYDFWSNAFD,1,/vols/opig/users/spoendli/data/SAbDab_structures/3hi6.pdb,HL,H,107,116,0.007401837
20,YCARDLIHGVTRNWGQ,0,/vols/opig/users/spoendli/data/SAbDab_structures/2vxs.pdb,JN,J,103,120,0.04321467
21,DLVVYGMD,0,/vols/opig/users/spoendli/data/SAbDab_structures/8bh5.pdb,HL,H,107,116,0.008537361
22,ISLVRDAFIY,1,/vols/opig/users/spoendli/data/SAbDab_structures/5kzp.pdb,FJ,F,108,114,0.08952717
23,TGVYRYPERAP,0,/vols/opig/users/spoendli/data/SAbDab_structures/3rvx.pdb,DC,D,107,116,0.3592156
24,GMITTDF,1,/vols/opig/users/spoendli/data/SAbDab_structures/4tpr.pdb,HL,H,109,114,0.157847
25,GTTAVERDWY,1,/vols/opig/users/spoendli/data/SAbDab_structures/6a0z.pdb,HL,H,108,114,0.14332366
26,YCARMWYYGTYYFDYWGQ,1,/vols/opig/users/spoendli/data/SAbDab_structures/1oau.pdb,JN,J,103,120,0.033461023
27,SDYSYALD,0,/vols/opig/users/spoendli/data/SAbDab_structures/8dk6.pdb,HL,H,107,116,0.07693369
28,ADPPYYGHGDY,1,/vols/opig/users/spoendli/data/SAbDab_structures/15c8.pdb,HL,H,106,117,0.1329645
29,RGGGDPVFVY,1,/vols/opig/users/spoendli/data/SAbDab_structures/5az2.pdb,HL,H,106,117,0.019941594
30,YCVRPLYDYYAMDYWGQ,0,/vols/opig/users/spoendli/data/SAbDab_structures/7ukt.pdb,EF,E,103,120,0.026943795
31,FCARSVYYGGSYYFDYWGQ,0,/vols/opig/users/spoendli/data/SAbDab_structures/2a6k.pdb,HL,H,103,120,0.21688041
32,YCTRREVYGRNYYALDYWGQ,1,/vols/opig/users/spoendli/data/SAbDab_structures/6tkb.pdb,HL,H,103,120,0.15305527
33,GGYDGRGFD,1,/vols/opig/users/spoendli/data/SAbDab_structures/4f3f.pdb,BA,B,107,116,0.11235353
34,GRGAPTTTTAW,0,/vols/opig/users/spoendli/data/SAbDab_structures/5x2o.pdb,JK,J,108,114,0.15466899
35,GNYVFD,0,/vols/opig/users/spoendli/data/SAbDab_structures/7lja.pdb,GF,G,107,116,0.05224737
36,SPVRPYYFD,0,/vols/opig/users/spoendli/data/SAbDab_structures/5i73.pdb,BC,B,107,116,0.015752494
37,TYYDGSY,1,/vols/opig/users/spoendli/data/SAbDab_structures/6p67.pdb,EF,E,108,114,0.0446222
38,DYYGTSFAMD,1,/vols/opig/users/spoendli/data/SAbDab_structures/4oz4.pdb,AB,A,107,116,0.058129534
39,RGLYYGGRS,1,/vols/opig/users/spoendli/data/SAbDab_structures/4uim.pdb,CD,C,108,114,0.047377173
40,SLDGYYVKNWC,0,/vols/opig/users/spoendli/data/SAbDab_structures/3o0r.pdb,HL,H,108,114,0.040385492
41,VYEGEADEGEYDNNGFLK,0,/vols/opig/users/spoendli/data/SAbDab_structures/2ny3.pdb,DC,D,107,116,0.09065595
42,YCARRERYDENGFAYWGQ,1,/vols/opig/users/spoendli/data/SAbDab_structures/1ifh.pdb,HL,H,103,120,0.26945984
43,REGAYSGSSSYPMDY,1,/vols/opig/users/spoendli/data/SAbDab_structures/3v6f.pdb,HL,H,106,117,0.33202434
44,YCARDLYSSGGTDIWGQ,1,/vols/opig/users/spoendli/data/SAbDab_structures/7n3g.pdb,HL,H,103,120,0.04213471
45,RGEGSPGNWFDP,0,/vols/opig/users/spoendli/data/SAbDab_structures/7nx7.pdb,AB,A,106,117,0.016567295
46,GSDRLSDNDP,1,/vols/opig/users/spoendli/data/SAbDab_structures/6mu3.pdb,HL,H,108,114,0.4765854
47,RKGSDRLSDNDPFDA,1,/vols/opig/users/spoendli/data/SAbDab_structures/1op3.pdb,MK,M,106,117,0.7786898
48,YNYYYS,0,/vols/opig/users/spoendli/data/SAbDab_structures/8cbx.pdb,HL,H,108,114,0.02706328
49,RGEVRQRGFDY,0,/vols/opig/users/spoendli/data/SAbDab_structures/6m38.pdb,HL,H,106,117,0.08373436
50,GEVRQRGFD,0,/vols/opig/users/spoendli/data/SAbDab_structures/4xp9.pdb,HL,H,107,116,0.10108052
51,GEPLVNHITILD,1,/vols/opig/users/spoendli/data/SAbDab_structures/5ijk.pdb,BD,B,107,116,0.09867638
52,FCARTGKYYDFWSGYPPGEEYFQDWGR,0,/vols/opig/users/spoendli/data/SAbDab_structures/5t5b.pdb,AB,A,103,120,0.14719015
53,FCARTGKYYDFWSGYPPGEEYFQDWGR,0,/vols/opig/users/spoendli/data/SAbDab_structures/4g6f.pdb,HL,H,103,120,0.11357009
54,IRGDVYNRQ,1,/vols/opig/users/spoendli/data/SAbDab_structures/3qo1.pdb,BA,B,106,117,0.035761394
55,RWGGDGFYAMDY,1,/vols/opig/users/spoendli/data/SAbDab_structures/1fve.pdb,BA,B,106,117,0.0764804
56,YCSRWGGDGFYAMDYWGQ,1,/vols/opig/users/spoendli/data/SAbDab_structures/7t97.pdb,AB,A,103,120,0.6681
57,WGGDGFYAMD,1,/vols/opig/users/spoendli/data/scFvs/7kbp.pdb,Cc,C,107,116,0.11765448
58,GGDGFYA,1,/vols/opig/users/spoendli/data/SAbDab_structures/1fvd.pdb,BA,B,108,114,0.07550056
59,RWGGDGFYAMDY,0,/vols/opig/users/spoendli/data/SAbDab_structures/6bae.pdb,BA,B,106,117,0.03871759
60,TAAY,1,/vols/opig/users/spoendli/data/SAbDab_structures/1jps.pdb,HL,H,108,114,0.001792702
61,SYWRYSVD,1,/vols/opig/users/spoendli/data/SAbDab_structures/7kgu.pdb,DC,D,107,116,0.10210158
62,RSRQFWYSGLDY,0,/vols/opig/users/spoendli/data/SAbDab_structures/4jqi.pdb,HL,H,106,117,0.028127074
63,TKYHYKNYYWWALD,0,/vols/opig/users/spoendli/data/SAbDab_structures/6xjq.pdb,HL,H,107,116,0.26045313
64,SAITSVTDSAM,1,/vols/opig/users/spoendli/data/scFvs/6vun.pdb,Bb,B,107,115,0.3242515
65,YCARNLGPSFYFDYWGQ,1,/vols/opig/users/spoendli/data/SAbDab_structures/4llu.pdb,AB,A,103,120,0.13822615
66,RFVFFLPYAMDY,1,/vols/opig/users/spoendli/data/SAbDab_structures/2fjf.pdb,IG,I,106,117,0.024898658
67,VFFLPYA,1,/vols/opig/users/spoendli/data/SAbDab_structures/4zff.pdb,AB,A,108,114,0.0018576647
68,YCARQGYRRRSGRGFDYWGQ,0,/vols/opig/users/spoendli/data/SAbDab_structures/8dp3.pdb,HL,H,103,120,0.30504942
69,YCARSGYYGDSDWYFDVWGQ,1,/vols/opig/users/spoendli/data/scFvs/6kr0.pdb,Cc,C,103,120,0.3965612
70,YPHYYGSSHWYFD,1,/vols/opig/users/spoendli/data/SAbDab_structures/1bj1.pdb,HL,H,107,116,0.4102433
71,RPNYYGSRYHYYAMDY,1,/vols/opig/users/spoendli/data/SAbDab_structures/6ell.pdb,HL,H,106,117,0.01901382
72,YCARGSHYFGHWHFAVWGQ,1,/vols/opig/users/spoendli/data/SAbDab_structures/7shy.pdb,CD,C,103,120,0.23373704
73,VRKLGAF,1,/vols/opig/users/spoendli/data/SAbDab_structures/7bm5.pdb,BA,B,108,114,0.11622362
74,YCVKGRDYYDSGGYFTVAFDIWGQ,1,/vols/opig/users/spoendli/data/SAbDab_structures/7n08.pdb,HL,H,103,120,0.21872775
75,ELGSSWS,0,/vols/opig/users/spoendli/data/SAbDab_structures/6o2b.pdb,OP,O,108,114,0.039122373
76,KDGGKLWVYYFDY,0,/vols/opig/users/spoendli/data/SAbDab_structures/7nx7.pdb,HL,H,106,117,0.03395353
77,RDFIITVNYPVVDY,1,/vols/opig/users/spoendli/data/SAbDab_structures/8jbj.pdb,AB,A,106,117,0.059682056
78,YCARLGGRYYYDSSGYYYFDYWGQ,1,/vols/opig/users/spoendli/data/SAbDab_structures/4rir.pdb,AB,A,103,120,0.5550053
79,RGGQRLLLLRNYYFYY,1,/vols/opig/users/spoendli/data/SAbDab_structures/4q2z.pdb,HL,H,106,117,0.18633828
80,HPFYRYDGGNYYAMD,1,/vols/opig/users/spoendli/data/SAbDab_structures/1opg.pdb,HL,H,107,116,0.5840345
81,YCARLYYGYGYWYFDVWGA,0,/vols/opig/users/spoendli/data/SAbDab_structures/2fed.pdb,CD,C,103,120,0.012883514
82,YCARLYYGYGYWYFDVWGA,0,/vols/opig/users/spoendli/data/SAbDab_structures/6adc.pdb,EF,E,103,120,0.018747741
83,VPQLGRGFA,1,/vols/opig/users/spoendli/data/SAbDab_structures/1q72.pdb,HL,H,107,116,0.10558039
84,YCAREGHWDGDWYFDVWGA,0,/vols/opig/users/spoendli/data/SAbDab_structures/7rlw.pdb,CD,C,103,120,0.11579025
85,DYVNWY,0,/vols/opig/users/spoendli/data/SAbDab_structures/1dbb.pdb,HL,H,108,114,0.01207065
86,FLLRQYFD,0,/vols/opig/users/spoendli/data/SAbDab_structures/1xct.pdb,DC,D,107,116,0.023756312
87,YCAQSAITSVTDSAMDHWGQ,0,/vols/opig/users/spoendli/data/SAbDab_structures/1t03.pdb,HL,H,103,120,0.35244724
88,RKDY,0,/vols/opig/users/spoendli/data/SAbDab_structures/1hh6.pdb,BA,B,106,117,0.0068358188
89,KGLLRDGSSTWLPYL,1,/vols/opig/users/spoendli/data/SAbDab_structures/4toy.pdb,HL,H,106,117,0.024870364
90,GSGISTPMD,0,/vols/opig/users/spoendli/data/SAbDab_structures/8cwj.pdb,HL,H,107,116,0.043709163
91,FCARENFDAVGVGGGTYSTDYYFDLWGP,1,/vols/opig/users/spoendli/data/SAbDab_structures/4jo4.pdb,HL,H,103,120,0.49219123
92,YCATTKHGRRIYGVVAFKEWFTYFYMDVWGK,0,/vols/opig/users/spoendli/data/SAbDab_structures/5u7o.pdb,HL,H,103,120,0.31316176
93,YCATTKHGRRIYGVVAFKEWFTYFYMDVWGK,1,/vols/opig/users/spoendli/data/SAbDab_structures/4jy5.pdb,HL,H,103,120,0.39936996
94,TRPPRFYDKTEYWEDGFDV,1,/vols/opig/users/spoendli/data/SAbDab_structures/4eow.pdb,HL,H,106,117,0.038304713
95,RGGYRPYYAMDY,1,/vols/opig/users/spoendli/data/SAbDab_structures/1xf3.pdb,BA,B,106,117,0.018896317
96,GAPRWALKRPSNW,1,/vols/opig/users/spoendli/data/SAbDab_structures/7s08.pdb,HL,H,108,114,0.104151264
97,RDPYGSKPMDY,0,/vols/opig/users/spoendli/data/SAbDab_structures/6vep.pdb,OP,O,106,117,0.0036694466
98,GSGYA,1,/vols/opig/users/spoendli/data/SAbDab_structures/6ug8.pdb,HL,H,108,114,0.0861147
99,ALTYYDYEFA,0,/vols/opig/users/spoendli/data/SAbDab_structures/6azl.pdb,BA,B,107,116,0.0016226958
100,LTYYDYE,0,/vols/opig/users/spoendli/data/SAbDab_structures/1yy8.pdb,DC,D,108,114,0.0079834545
101,YCTRRDSDYWGA,1,/vols/opig/users/spoendli/data/SAbDab_structures/1n7m.pdb,LH,L,103,120,0.07525606
102,RERLGIGDY,1,/vols/opig/users/spoendli/data/SAbDab_structures/2jix.pdb,HL,H,106,117,0.016044421
103,YCARAQQGKRIYGMVSFGEFFYYYYMDVWGK,0,/vols/opig/users/spoendli/data/SAbDab_structures/6mtn.pdb,HL,H,103,120,0.6317067
104,MRRGYSGYDYWDLYA,0,/vols/opig/users/spoendli/data/SAbDab_structures/7msq.pdb,DE,D,108,114,0.1240931
105,FCARDRFDVASGSSFDFWGQ,1,/vols/opig/users/spoendli/data/SAbDab_structures/5o1r.pdb,HL,H,103,120,0.16392563
106,APPYCTSASCPDDYYYYYMD,1,/vols/opig/users/spoendli/data/SAbDab_structures/6q0h.pdb,HL,H,107,116,0.10127572
107,AWLRGY,1,/vols/opig/users/spoendli/data/SAbDab_structures/8eoo.pdb,AB,A,108,114,0.013380178
108,ERGDGYFA,0,/vols/opig/users/spoendli/data/SAbDab_structures/7sqw.pdb,AB,A,107,116,0.0758791
109,WVYGNFDSALD,1,/vols/opig/users/spoendli/data/SAbDab_structures/4kuc.pdb,HD,H,107,116,0.3706618
110,RSTYYSGALDY,0,/vols/opig/users/spoendli/data/SAbDab_structures/7vtj.pdb,HL,H,106,117,0.10090468
111,RGNGNGGMDV,1,/vols/opig/users/spoendli/data/SAbDab_structures/7sfx.pdb,CD,C,106,117,0.04189691
112,GSLYYNNYGWFG,1,/vols/opig/users/spoendli/data/SAbDab_structures/2ntf.pdb,HL,H,107,116,0.1933169
113,SGYGYYAME,0,/vols/opig/users/spoendli/data/SAbDab_structures/4h88.pdb,HL,H,107,116,0.10576004
114,FCSSRAKIYYSASYSGGRIDVWGP,1,/vols/opig/users/spoendli/data/SAbDab_structures/6mqe.pdb,AB,A,103,120,0.78785795
115,DGSYAMD,1,/vols/opig/users/spoendli/data/SAbDab_structures/1fl6.pdb,HL,H,107,116,0.02282253
116,RLNYYDSSGYYHYKYYG,1,/vols/opig/users/spoendli/data/SAbDab_structures/6umi.pdb,HL,H,108,114,0.04417078
117,DPLTKLLPFDWVSGGYFD,1,/vols/opig/users/spoendli/data/SAbDab_structures/5y2k.pdb,EF,E,107,116,0.042143676
118,RSYGSGSYYRDYYYGMDV,1,/vols/opig/users/spoendli/data/SAbDab_structures/3x3f.pdb,HL,H,106,117,0.12871398
119,YTRGAWFGESLIGG,0,/vols/opig/users/spoendli/data/SAbDab_structures/7xsw.pdb,HL,H,108,114,0.056395907
120,GTSGWDYFD,1,/vols/opig/users/spoendli/data/SAbDab_structures/4yho.pdb,HL,H,107,116,0.11951382
121,GTSGYDYFD,1,/vols/opig/users/spoendli/data/SAbDab_structures/4yhi.pdb,AB,A,107,116,0.13213356
122,GTSGYDYFD,1,/vols/opig/users/spoendli/data/SAbDab_structures/4yhm.pdb,HL,H,107,116,0.13594496
123,KNCDYNWD,1,/vols/opig/users/spoendli/data/SAbDab_structures/6xoc.pdb,HL,H,108,114,0.011499122
124,KNSDYNWD,1,/vols/opig/users/spoendli/data/SAbDab_structures/7jln.pdb,HL,H,108,114,0.014289023
125,SPNPYYYDSSGYYYPGAFD,1,/vols/opig/users/spoendli/data/SAbDab_structures/4imk.pdb,BC,B,107,116,0.039620943
126,ILGTFNWKSGGNYFGP,1,/vols/opig/users/spoendli/data/SAbDab_structures/7n6p.pdb,HL,H,106,117,0.11328047
127,YCAREGEGWFGKPLRAFEFWGQ,1,/vols/opig/users/spoendli/data/SAbDab_structures/6o41.pdb,BA,B,103,120,0.27723154
128,RRGRYGLYAMDY,1,/vols/opig/users/spoendli/data/SAbDab_structures/6ias.pdb,HL,H,106,117,0.070494644
129,YCAREGTTGWGWLGKPIGAFAHWGQ,1,/vols/opig/users/spoendli/data/SAbDab_structures/4xcn.pdb,HL,H,103,120,0.2698766
130,EYDEA,1,/vols/opig/users/spoendli/data/SAbDab_structures/2eh8.pdb,HL,H,107,116,0.09751469
131,RQKFYTGGQGWYFDL,1,/vols/opig/users/spoendli/data/SAbDab_structures/4i3r.pdb,HL,H,106,117,0.35236508
132,GGNYYNLWTGYYPLA,1,/vols/opig/users/spoendli/data/SAbDab_structures/3lqa.pdb,HL,H,107,116,0.13000694
133,GKCGGGRCYSGL,1,/vols/opig/users/spoendli/data/SAbDab_structures/3eyo.pdb,DC,D,108,114,0.13060227
134,GGTGFP,1,/vols/opig/users/spoendli/data/SAbDab_structures/1kcs.pdb,HL,H,107,116,0.1102011
135,DPDILTAFSFD,1,/vols/opig/users/spoendli/data/SAbDab_structures/8fab.pdb,BA,B,107,116,0.024115229
136,KPYYGNFAWFA,1,/vols/opig/users/spoendli/data/SAbDab_structures/3cvh.pdb,HL,H,107,116,0.16022496
137,YCANWDGDYWGQ,0,/vols/opig/users/spoendli/data/SAbDab_structures/5ayu.pdb,HL,H,103,120,0.08527636
138,SWGGDV,0,/vols/opig/users/spoendli/data/SAbDab_structures/1nby.pdb,BA,B,106,117,0.008341251
139,LLWYDGGAG,0,/vols/opig/users/spoendli/data/SAbDab_structures/1ncw.pdb,HL,H,107,116,0.059514016
140,YCARSSMSDPGANWGP,1,/vols/opig/users/spoendli/data/SAbDab_structures/1um4.pdb,HL,H,103,120,0.22343847
141,YCARLYYGYGYWYFDVWGA,0,/vols/opig/users/spoendli/data/SAbDab_structures/2h2p.pdb,EF,E,103,120,0.008801549
